City_ID,City,Country,Lat,Lng,Max Temp,Humidity,Cloudiness,Wind Speed,Current Description
0,Mataura,NZ,-46.1927,168.8643,50.49,98,78,1.99,broken clouds
1,Rikitea,PF,-23.1203,-134.9692,76.73,77,49,23.15,scattered clouds
2,Severo-Kurilsk,RU,50.6789,156.125,38.71,95,100,19.15,light rain
3,Saint George,US,37.1041,-113.5841,80.64,12,0,8.01,clear sky
4,Sioux Lookout,CA,50.1001,-91.917,44.67,100,100,10.36,light rain
5,East London,ZA,-33.0153,27.9116,61.74,82,0,10.36,clear sky
6,Ushuaia,AR,-54.8,-68.3,44.26,61,40,41.43,light intensity drizzle
7,New Norfolk,AU,-42.7826,147.0587,42.71,78,22,2.44,few clouds
8,Ontario,US,34.0633,-117.6509,66.87,80,100,12.66,light intensity drizzle
9,Hilo,US,19.7297,-155.09,87.28,92,100,5.75,light rain
10,Port Alfred,ZA,-33.5906,26.891,58.17,90,89,4.0,overcast clouds
11,Lira,UG,2.235,32.9097,68.72,81,98,1.45,overcast clouds
12,Waipawa,NZ,-41.4122,175.5153,58.59,80,99,12.53,overcast clouds
13,Kapaa,US,22.0752,-159.319,75.52,87,100,11.5,overcast clouds
14,Talnakh,RU,69.4865,88.3972,2.71,97,37,5.21,scattered clouds
15,Georgetown,MY,5.4112,100.3354,82.33,93,20,2.3,light rain
16,Dikson,RU,73.5069,80.5464,21.61,94,99,28.59,light snow
17,Ribeira Grande,PT,38.5167,-28.7,66.6,72,20,11.5,few clouds
18,Thompson,CA,55.7435,-97.8558,48.36,81,100,18.41,overcast clouds
19,Isangel,VU,-19.55,169.2667,73.17,76,25,11.7,scattered clouds
20,Norman Wells,CA,65.282,-126.8329,37.44,65,75,9.22,broken clouds
21,Castanos,MX,26.7833,-101.4167,97.03,21,5,7.0,clear sky
22,Zyryanka,RU,65.75,150.85,27.23,83,29,13.04,scattered clouds
23,Busselton,AU,-33.65,115.3333,57.18,82,7,3.49,clear sky
24,Los Llanos De Aridane,ES,28.6585,-17.9182,65.95,73,75,14.97,broken clouds
25,Halifax,CA,44.6453,-63.5724,53.53,44,100,8.01,overcast clouds
26,Natal,BR,-5.795,-35.2094,86.22,66,75,18.41,broken clouds
27,Nishihara,JP,26.1842,127.7558,76.68,97,100,10.36,overcast clouds
28,Kailua,US,21.4022,-157.7394,76.64,77,75,9.22,broken clouds
29,Jiuquan,CN,39.7432,98.5174,63.34,22,77,5.68,broken clouds
30,Hithadhoo,MV,-0.6,73.0833,84.43,77,65,19.73,moderate rain
31,Yellowknife,CA,62.456,-114.3525,32.56,74,100,26.46,overcast clouds
32,Berlevag,NO,70.8578,29.0864,30.0,78,86,8.97,overcast clouds
33,Capreol,CA,46.706,-80.9225,63.91,22,20,9.22,few clouds
34,Ishigaki,JP,24.3448,124.1572,75.33,100,99,1.14,overcast clouds
35,Lisakovsk,KZ,52.5369,62.4936,50.09,34,11,8.39,few clouds
36,Hobart,AU,-42.8794,147.3294,43.05,88,21,9.22,few clouds
37,Khatanga,RU,71.9667,102.5,4.57,97,20,9.31,few clouds
38,Aranos,NA,-24.1333,19.1167,56.77,26,0,9.24,clear sky
39,Albany,US,42.6001,-73.9662,63.34,30,71,1.01,broken clouds
40,Bosaso,SO,11.2842,49.1816,84.2,72,6,0.4,clear sky
41,Arraial Do Cabo,BR,-22.9661,-42.0278,75.16,73,40,6.91,scattered clouds
42,Punta Arenas,CL,-53.15,-70.9167,46.51,57,40,27.63,scattered clouds
43,Amahai,ID,-3.3333,128.9167,79.81,87,93,1.66,overcast clouds
44,Ipora,BR,-16.4419,-51.1178,91.47,31,0,1.52,clear sky
45,Moss Vale,AU,-34.55,150.3833,50.14,92,13,1.74,few clouds
46,Zhigansk,RU,66.7697,123.3711,22.89,95,100,26.66,snow
47,Leningradskiy,RU,69.3833,178.4167,20.19,96,100,3.42,overcast clouds
48,Nikolskoye,RU,59.7035,30.7861,43.72,76,67,5.35,light rain
49,Nagato,JP,34.3833,131.2,60.21,73,55,9.69,broken clouds
50,Vanavara,RU,60.34,102.2797,26.69,87,100,12.01,overcast clouds
51,Madalag,PH,10.8994,122.9828,81.21,81,71,15.37,broken clouds
52,Tuktoyaktuk,CA,69.4541,-133.0374,35.6,75,75,14.97,broken clouds
53,Mar Del Plata,AR,-38.0023,-57.5575,73.94,62,0,26.46,clear sky
54,Pacific Grove,US,36.6177,-121.9166,61.7,71,40,12.66,scattered clouds
55,Cidreira,BR,-30.1811,-50.2056,68.31,70,0,13.98,clear sky
56,Faya,SA,18.3851,42.4509,69.91,55,4,3.29,clear sky
57,Qaanaaq,GL,77.484,-69.3632,25.75,67,100,2.39,overcast clouds
58,Saint-Philippe,RE,-21.3585,55.7679,72.99,83,42,8.21,scattered clouds
59,Nome,US,64.5011,-165.4064,33.87,93,100,19.57,light snow
60,Malangali,TZ,-8.5667,34.85,63.77,74,49,12.48,scattered clouds
61,Nauta,PE,-4.5061,-73.5757,79.99,78,97,5.1,overcast clouds
62,Mezen,RU,65.8522,44.24,30.58,91,100,3.83,overcast clouds
63,Bluff,NZ,-46.6,168.3333,50.81,90,55,3.85,broken clouds
64,Mpongwe,ZM,-13.5091,28.155,69.84,56,65,4.81,broken clouds
65,Silifke,TR,36.3778,33.9344,65.05,62,52,6.2,broken clouds
66,Bredasdorp,ZA,-34.5322,20.0403,55.47,86,86,3.96,overcast clouds
67,Kodiak,US,57.79,-152.4072,44.11,49,0,16.11,clear sky
68,Aykhal,RU,66.0,111.5,11.7,92,100,16.02,overcast clouds
69,Jamestown,US,42.097,-79.2353,64.53,25,0,8.99,clear sky
70,Khash,IR,28.2211,61.2158,80.6,14,17,5.5,few clouds
71,Honiara,SB,-9.4333,159.95,77.32,89,88,7.34,overcast clouds
72,Cape Town,ZA,-33.9258,18.4232,60.28,78,0,6.91,clear sky
73,Meulaboh,ID,4.1363,96.1285,78.3,86,100,3.22,overcast clouds
74,Vaitape,PF,-16.5167,-151.75,81.32,76,11,10.71,light rain
75,Townsville,AU,-19.25,146.8,68.88,94,40,8.05,light intensity shower rain
76,Constitucion,CL,-35.3333,-72.4167,58.82,75,86,3.6,overcast clouds
77,Klaksvik,FO,62.2266,-6.589,49.12,96,100,22.12,light rain
78,Doka,SD,13.5167,35.7667,97.88,20,67,7.07,broken clouds
79,Kiruna,SE,67.8557,20.2251,32.92,60,0,11.5,clear sky
80,Lagoa,PT,39.05,-27.9833,61.93,71,93,10.18,overcast clouds
81,Touros,BR,-5.1989,-35.4608,82.45,73,92,13.02,overcast clouds
82,Cayenne,GF,4.9333,-52.3333,86.04,6,20,13.8,few clouds
83,Bandarbeyla,SO,9.4942,50.8122,83.25,83,2,9.91,clear sky
84,Hermanus,ZA,-34.4187,19.2345,55.8,78,54,5.35,broken clouds
85,Manavgat,TR,36.7867,31.4431,63.72,66,52,2.71,broken clouds
86,Sakaiminato,JP,35.55,133.2333,57.18,62,75,14.97,broken clouds
87,Andenes,NO,69.3143,16.1194,35.58,80,100,16.11,overcast clouds
88,Labuhan,ID,-6.8844,112.2051,79.99,85,100,8.23,overcast clouds
89,Te Anau,NZ,-45.4167,167.7167,47.48,93,57,1.12,light rain
90,Tambura,SS,5.6,27.4667,72.68,88,100,1.66,light rain
91,Geraldton,AU,-28.7667,114.6,57.61,94,0,3.44,clear sky
92,Kruisfontein,ZA,-34.0033,24.7314,55.89,68,50,2.57,scattered clouds
93,Burriana,ES,39.889,-0.085,72.45,69,80,3.0,broken clouds
94,Aklavik,CA,68.2191,-135.0107,41.0,65,20,6.91,few clouds
95,Puerto Ayora,EC,-0.7393,-90.3518,80.56,80,10,12.44,clear sky
96,Vaini,TO,-21.2,-175.2,73.56,88,20,6.91,few clouds
97,Grand Gaube,MU,-20.0064,57.6608,75.6,78,4,1.01,clear sky
98,Barrow,US,71.2906,-156.7887,19.42,86,100,12.66,overcast clouds
99,Kushmurun,KZ,52.4503,64.6311,52.29,30,24,8.16,few clouds
100,Grindavik,IS,63.8424,-22.4338,55.35,76,75,23.02,broken clouds
101,Alaca,TR,40.1683,34.8425,44.46,91,39,5.35,scattered clouds
102,Bathsheba,BB,13.2167,-59.5167,86.61,70,20,16.11,few clouds
103,Piacabucu,BR,-10.4056,-36.4344,82.29,68,49,11.14,scattered clouds
104,Ostrovnoy,RU,68.0531,39.5131,31.06,76,45,9.64,scattered clouds
105,Atuona,PF,-9.8,-139.0333,78.69,73,41,16.46,scattered clouds
106,Iqaluit,CA,63.7506,-68.5145,28.13,68,20,4.61,few clouds
107,Troy,US,42.6056,-83.1499,65.98,50,0,11.99,clear sky
108,Sobolevo,RU,54.4299,31.8996,47.97,85,100,5.66,overcast clouds
109,Tuatapere,NZ,-46.1333,167.6833,50.05,94,66,2.91,light rain
110,Adrar,MR,20.5022,-10.0711,102.24,9,70,3.6,broken clouds
111,Mehamn,NO,71.0357,27.8492,29.8,84,93,11.5,overcast clouds
112,Hutchinson,US,38.0608,-97.9298,83.03,66,75,12.66,broken clouds
113,Cherskiy,RU,68.75,161.3,14.41,94,93,4.52,overcast clouds
114,Vao,NC,-22.6667,167.4833,73.47,66,83,14.0,broken clouds
115,Aksarka,RU,66.5606,67.7975,35.76,100,100,10.0,overcast clouds
116,Akdepe,TM,42.0551,59.3788,75.29,49,85,8.57,light rain
117,Pizarro,CO,4.9533,-77.366,83.14,78,59,6.62,light rain
118,Weyburn,CA,49.6668,-103.8511,61.02,36,19,5.75,few clouds
119,Kannur,IN,11.8675,75.3576,82.49,81,100,7.85,moderate rain
120,College,US,64.8569,-147.8028,40.06,74,100,5.75,overcast clouds
121,Avarua,CK,-21.2078,-159.775,80.65,89,40,6.91,scattered clouds
122,Karanganom,ID,-7.6489,110.625,75.51,93,100,4.32,light rain
123,Butaritari,KI,3.0707,172.7902,81.45,80,26,16.58,scattered clouds
124,Codrington,AU,-38.2667,141.9667,46.26,85,25,5.19,scattered clouds
125,Jucurutu,BR,-6.0339,-37.0203,91.94,39,98,8.34,overcast clouds
126,Sakakah,SA,29.9697,40.2064,74.77,13,23,8.34,few clouds
127,Altay,CN,47.8667,88.1167,47.21,45,65,6.06,broken clouds
128,Aboisso,CI,5.4678,-3.2071,81.32,79,99,7.36,overcast clouds
129,Xining,CN,36.6167,101.7667,47.25,74,2,1.12,clear sky
130,Sangar,RU,63.9242,127.4739,33.01,98,100,9.6,snow
131,Sur,OM,22.5667,59.5289,89.71,42,0,5.68,clear sky
132,Youghal,IE,51.95,-7.8506,58.08,100,97,11.7,overcast clouds
133,Lebu,CL,-37.6167,-73.65,56.89,93,99,6.91,overcast clouds
134,Calama,CL,-22.4667,-68.9333,63.09,10,0,24.16,clear sky
135,Quesnel,CA,52.9999,-122.5029,43.3,52,100,0.0,overcast clouds
136,Katsuura,JP,35.1333,140.3,59.97,66,100,8.7,overcast clouds
137,Langham,CA,52.3668,-106.9679,51.64,55,97,9.98,overcast clouds
138,Ponta Do Sol,PT,32.6667,-17.1,70.72,69,19,5.23,few clouds
139,Bambous Virieux,MU,-20.3428,57.7575,75.45,83,40,5.75,scattered clouds
140,Souillac,MU,-20.5167,57.5167,75.58,83,40,5.75,scattered clouds
141,Taoudenni,ML,22.6783,-3.9836,96.66,5,21,11.99,few clouds
142,Kaitangata,NZ,-46.2817,169.8464,51.82,96,100,1.63,overcast clouds
143,Sabang,ID,5.8933,95.3214,82.33,78,100,10.8,overcast clouds
144,Kerema,PG,-7.9631,145.7785,79.36,89,100,3.47,overcast clouds
145,Talara,PE,-4.5772,-81.2719,79.56,57,0,24.16,clear sky
146,Kamaishi,JP,39.2667,141.8833,47.08,83,100,6.31,overcast clouds
147,Lukovetskiy,RU,64.2956,41.9211,32.27,93,100,3.24,overcast clouds
148,Sumbe,AO,-11.2061,13.8437,77.2,87,14,5.23,few clouds
149,Pevek,RU,69.7008,170.3133,24.4,96,100,12.12,light snow
150,Lorengau,PG,-2.0226,147.2712,83.07,76,91,12.68,overcast clouds
151,Carnarvon,AU,-24.8667,113.6333,62.67,88,0,5.75,clear sky
152,Gimli,CA,50.6336,-96.9907,51.82,82,93,9.22,overcast clouds
153,Togur,RU,58.3631,82.8265,33.4,52,12,4.07,few clouds
154,Saskylakh,RU,71.9167,114.0833,8.71,94,75,12.55,broken clouds
155,San Felipe,VE,10.3399,-68.7425,86.63,54,82,2.73,broken clouds
156,Mitsamiouli,KM,-11.3847,43.2844,79.09,89,20,4.61,light rain
157,Bourbonnais,US,41.1417,-87.875,66.06,57,0,9.22,clear sky
158,Salalah,OM,17.0151,54.0924,80.87,74,7,3.06,clear sky
159,Husavik,IS,66.0449,-17.3389,43.81,86,100,4.03,light rain
160,Kandrian,PG,-6.2167,149.55,78.42,91,100,6.26,overcast clouds
161,Eyl,SO,7.9803,49.8164,84.29,77,57,15.55,broken clouds
162,Trincomalee,LK,8.5711,81.2335,83.97,79,100,18.21,light rain
163,Rochester,US,43.1548,-77.6156,64.56,41,0,16.11,clear sky
164,Dondo,MZ,-19.6094,34.7431,72.91,85,3,5.82,clear sky
165,Chirongui,YT,-12.9319,45.1483,82.33,76,20,4.85,few clouds
166,Tautira,PF,-17.7333,-149.15,80.44,80,12,9.53,light rain
167,Mangan,IN,27.5167,88.5333,71.01,82,74,0.76,broken clouds
168,Lompoc,US,34.6391,-120.4579,70.57,62,0,27.63,clear sky
169,Alice Springs,AU,-23.7,133.8833,42.35,56,100,3.44,overcast clouds
170,Castro,BR,-24.7911,-50.0119,67.84,55,14,4.83,few clouds
171,Garowe,SO,8.4054,48.4845,88.84,41,100,6.06,overcast clouds
172,Quatre Cocos,MU,-20.2078,57.7625,75.31,85,28,9.53,scattered clouds
173,Ugoofaaru,MV,5.6667,73.0,84.38,79,96,16.37,overcast clouds
174,Caravelas,BR,-17.7125,-39.2481,75.25,85,100,9.08,overcast clouds
175,Fortuna,US,40.5982,-124.1573,51.93,78,75,9.22,broken clouds
176,Nizhnevartovsk,RU,60.9344,76.5531,39.22,56,0,4.47,clear sky
177,Clyde River,CA,70.4692,-68.5914,25.03,86,100,13.8,overcast clouds
178,Pangody,RU,65.85,74.4859,34.03,99,100,12.73,overcast clouds
179,Cabra,ES,37.4725,-4.4421,76.39,33,93,2.53,overcast clouds
180,Flinders,AU,-34.5833,150.8552,58.17,86,47,5.01,light rain
181,Tamale,GH,9.4008,-0.8393,95.85,35,68,1.95,broken clouds
182,Kyabe,TD,9.4515,18.9449,95.25,24,65,4.63,broken clouds
183,Sao Joao Da Barra,BR,-21.6403,-41.0511,80.69,69,54,14.25,broken clouds
184,Lavrentiya,RU,65.5833,-171.0,30.38,95,100,5.1,light snow
185,Tasiilaq,GL,65.6145,-37.6368,36.23,69,100,6.31,overcast clouds
186,Lucapa,AO,-8.4192,20.7447,74.37,60,98,4.12,overcast clouds
187,Binzhou,CN,37.3667,118.0167,44.33,88,89,3.94,overcast clouds
188,Bubaque,GW,11.2833,-15.8333,77.41,70,20,10.38,few clouds
189,Sivas,TR,39.7916,37.0019,44.62,76,100,5.19,overcast clouds
190,Chuy,UY,-33.6971,-53.4616,68.76,54,19,8.08,few clouds
191,Hay River,CA,60.8156,-115.7999,33.78,93,100,14.97,light rain
192,Havre-Saint-Pierre,CA,50.2334,-63.5986,52.16,32,0,12.66,clear sky
193,Beyneu,KZ,45.3167,55.2,65.28,58,68,14.58,light rain
194,Dolores,AR,-36.3132,-57.6792,73.69,51,1,14.23,clear sky
195,Deputatskiy,RU,69.3,139.9,12.06,99,100,3.62,overcast clouds
196,Lebedinyy,RU,58.5167,125.5167,32.45,99,100,3.4,snow
197,Coquimbo,CL,-29.9533,-71.3436,62.33,67,100,6.91,overcast clouds
198,Pocri,PA,8.2667,-80.55,90.23,56,26,7.76,scattered clouds
199,Koforidua,GH,6.0941,-0.2591,79.48,84,98,6.46,light rain
200,Chokurdakh,RU,70.6333,147.9167,8.6,89,98,6.53,overcast clouds
201,Tanete,ID,-3.9443,119.7848,75.22,96,99,3.71,overcast clouds
202,Port Elizabeth,ZA,-33.918,25.5701,63.32,75,75,8.05,broken clouds
203,Shuangyashan,CN,46.6361,131.1539,40.93,51,50,6.62,scattered clouds
204,Cabo San Lucas,MX,22.8909,-109.9124,90.61,48,94,9.28,overcast clouds
205,Cap Malheureux,MU,-19.9842,57.6142,74.46,78,2,1.01,clear sky
206,Yabelo,ET,4.8833,38.0833,61.36,85,75,7.16,broken clouds
207,Buraydah,SA,26.326,43.975,84.65,14,10,11.18,clear sky
208,Emerald,AU,-23.5333,148.1667,62.74,77,100,13.8,overcast clouds
209,Upernavik,GL,72.7868,-56.1549,21.56,69,93,6.42,overcast clouds
210,Khandbari,NP,27.3747,87.2039,70.03,80,87,2.89,overcast clouds
211,Ixtapa,MX,20.7,-105.2,93.04,31,32,7.99,scattered clouds
212,Vestmanna,FO,62.1564,-7.1664,45.52,100,100,13.8,moderate rain
213,Mahebourg,MU,-20.4081,57.7,75.49,83,40,5.75,scattered clouds
214,Jamtara,IN,23.95,86.8,84.65,53,25,13.42,scattered clouds
215,Ordzhonikidze,KZ,52.4411,61.7408,49.8,34,15,8.32,few clouds
216,Pulgaon,IN,20.7333,78.3333,98.56,15,76,5.28,broken clouds
217,Arys,KZ,42.4252,68.795,74.59,41,48,12.19,scattered clouds
218,Port Blair,IN,11.6667,92.75,82.44,89,75,8.05,drizzle
219,Torbay,CA,47.6666,-52.7314,49.75,51,20,11.5,few clouds
220,Faanui,PF,-16.4833,-151.75,81.32,76,10,10.69,light rain
221,Coahuayana,MX,18.7333,-103.6833,88.23,47,48,8.1,scattered clouds
222,Saint-Augustin,CA,51.226,-58.6502,46.13,42,72,9.17,broken clouds
223,Progreso,MX,21.2833,-89.6667,91.13,54,0,11.81,clear sky
224,Kasongo-Lunda,CD,-6.4667,16.8167,78.96,69,59,1.59,broken clouds
225,San Patricio,US,28.017,-97.5169,94.15,45,6,19.24,clear sky
226,Ampanihy,MG,-24.7,44.75,70.48,84,29,2.91,scattered clouds
227,Luderitz,NA,-26.6481,15.1594,60.13,60,6,15.3,clear sky
228,Krasnoarmeysk,RU,51.0239,45.6969,49.77,51,11,4.99,few clouds
229,Narsaq,GL,60.9167,-46.05,39.96,78,100,4.29,overcast clouds
230,Jablanica,BA,43.6603,17.7617,69.93,85,84,4.9,broken clouds
231,Shimoda,JP,34.6667,138.95,57.11,87,79,5.75,broken clouds
232,Eskil,TR,38.4017,33.4131,53.55,57,79,7.78,broken clouds
233,North Platte,US,41.1239,-100.7654,71.11,47,70,11.99,broken clouds
234,Richards Bay,ZA,-28.783,32.0377,67.66,84,99,11.92,light rain
235,Hofn,IS,64.2539,-15.2082,46.56,95,100,8.55,overcast clouds
236,Dingle,PH,10.9995,122.6711,78.53,86,46,8.16,scattered clouds
237,Tiksi,RU,71.6872,128.8694,-0.24,99,55,4.14,broken clouds
238,Cairns,AU,-16.9167,145.7667,75.15,93,75,10.36,broken clouds
239,Iisalmi,FI,63.5592,27.1907,36.57,65,61,5.06,broken clouds
240,Josanicka Banja,RS,43.3895,20.7503,65.5,86,100,3.04,overcast clouds
241,Pangnirtung,CA,66.1451,-65.7125,26.49,85,10,4.32,clear sky
242,Kankon,IN,15.0167,74.0167,85.8,82,71,12.15,broken clouds
243,Kapit,MY,2.0167,112.9333,74.48,100,100,0.78,light rain
244,Aripuana,BR,-9.1667,-60.6333,88.11,58,39,1.39,scattered clouds
245,Killybegs,IE,54.6333,-8.45,62.31,78,100,13.65,overcast clouds
246,Half Moon Bay,US,37.4636,-122.4286,61.48,64,40,21.85,scattered clouds
247,Vostok,RU,46.4856,135.8833,30.81,89,81,5.17,broken clouds
248,Santa Cruz De Tenerife,ES,28.4682,-16.2546,76.6,60,20,8.05,few clouds
249,Saldanha,ZA,-33.0117,17.9442,57.25,84,24,8.32,few clouds
250,Esperance,AU,-33.8667,121.9,55.24,43,7,11.74,clear sky
251,Alofi,NU,-19.0595,-169.9187,78.69,89,73,8.05,broken clouds
252,Kidal,ML,18.4411,1.4078,97.3,4,0,11.27,clear sky
253,Pasni,PK,25.2631,63.471,82.11,75,0,13.27,clear sky
254,Asau,RO,46.4333,26.4,59.92,59,99,1.83,overcast clouds
255,Konstantinovka,RU,49.6167,127.9833,44.74,56,2,6.49,clear sky
256,Rio Claro,BR,-22.4114,-47.5614,78.53,56,37,0.87,scattered clouds
257,Bucerias,MX,20.75,-105.3333,86.13,51,39,8.5,scattered clouds
258,Ilulissat,GL,69.2167,-51.1,25.25,72,2,3.2,clear sky
259,Grand-Santi,GF,4.25,-54.3833,83.08,79,86,4.5,overcast clouds
260,Hashtrud,IR,37.4779,47.0508,47.8,68,61,12.3,broken clouds
261,Northam,GB,51.0333,-4.2167,60.62,74,55,5.5,broken clouds
262,Tumba,SE,59.1986,17.8332,49.21,43,0,12.66,clear sky
263,Airai,TL,-8.9266,125.4092,58.42,90,57,3.53,broken clouds
264,Ocos,GT,14.5094,-92.1933,86.41,70,91,9.69,overcast clouds
265,Ayagoz,KZ,47.9714,80.4392,41.79,34,93,19.75,overcast clouds
266,Jalu,LY,29.0331,21.5482,79.66,21,0,13.82,clear sky
267,Tutoia,BR,-2.7619,-42.2744,81.77,85,99,6.49,overcast clouds
268,Ancud,CL,-41.8697,-73.8203,54.63,73,26,7.23,scattered clouds
269,Gemena,CD,3.25,19.7667,81.07,62,73,0.78,broken clouds
270,Anahuac,MX,27.2333,-100.15,100.53,31,1,11.74,clear sky
271,Tougue,GN,11.4667,-11.6,90.07,30,83,4.68,broken clouds
272,Guilin,CN,25.2819,110.2864,68.11,92,99,0.63,overcast clouds
273,Caucaia,BR,-3.7361,-38.6531,84.15,70,20,9.22,few clouds
274,Leh,IN,34.1667,77.5833,47.77,47,45,4.9,scattered clouds
275,Kati,ML,12.7441,-8.0726,98.01,17,97,6.93,overcast clouds
276,Kupang,ID,-10.1667,123.5833,79.47,74,20,12.93,few clouds
277,Svetlogorsk,BY,52.6333,29.7333,54.46,88,88,6.76,overcast clouds
278,Karpogory,RU,64.0019,44.4451,38.91,92,100,5.99,overcast clouds
279,Tarancon,ES,40.0085,-3.0073,75.22,36,15,5.08,few clouds
280,Alyangula,AU,-13.8483,136.4192,76.87,94,4,3.44,clear sky
281,Pascagoula,US,30.3658,-88.5561,86.41,64,10,3.8,clear sky
282,Umm Lajj,SA,25.0213,37.2685,81.39,49,51,7.96,broken clouds
283,San Nicolas,PH,18.1725,120.5953,81.7,77,52,4.05,broken clouds
284,Kargil,IN,34.5667,76.1,48.67,39,45,4.34,scattered clouds
285,Yumen,CN,40.2833,97.2,65.07,22,88,7.25,overcast clouds
286,Tambo,PE,-14.8,-73.9167,50.88,29,55,9.48,broken clouds
287,Bengkulu,ID,-3.8004,102.2655,77.95,81,96,3.44,overcast clouds
288,Lujan,AR,-34.5703,-59.105,74.95,52,56,4.0,broken clouds
289,Venta,LT,56.2,22.7,43.39,52,68,9.35,broken clouds
290,Coos Bay,US,43.3665,-124.2179,44.15,93,100,0.0,overcast clouds
291,Iquique,CL,-20.2208,-70.1431,68.04,71,4,9.42,clear sky
292,Mantua,IT,45.1667,10.7833,70.84,70,99,1.01,overcast clouds
293,Batemans Bay,AU,-35.7167,150.1833,53.1,89,6,3.74,clear sky
294,Kosa,RU,59.9445,54.9977,46.69,67,44,7.02,scattered clouds
295,Nador,MA,35.174,-2.9287,75.27,46,0,3.44,clear sky
296,Saint-Joseph,RE,-21.3667,55.6167,71.98,81,26,7.43,scattered clouds
297,Tandalti,SD,13.0167,31.8667,93.33,8,93,12.82,overcast clouds
298,Bajos De Haina,DO,18.4154,-70.0332,87.73,63,40,11.5,scattered clouds
299,Biltine,TD,14.5333,20.9167,95.2,9,1,7.16,clear sky
300,Sola,VU,-13.8833,167.55,79.93,77,76,23.47,broken clouds
301,Yangjiang,CN,21.85,111.9667,70.7,90,99,4.72,overcast clouds
302,Victoria,HK,22.2855,114.1577,77.38,78,100,10.0,overcast clouds
303,Orlik,RU,52.5178,99.825,28.92,58,73,5.73,broken clouds
304,Nanortalik,GL,60.1432,-45.2371,37.31,89,100,1.9,overcast clouds
305,Dzilam Gonzalez,MX,21.2833,-88.9333,100.42,36,1,4.47,clear sky
306,Bethel,US,41.3712,-73.414,59.65,48,100,4.0,overcast clouds
307,Nizhniy Odes,RU,63.6445,54.856,49.66,63,51,10.07,broken clouds
308,Zhezkazgan,KZ,47.8043,67.7144,57.36,27,75,17.31,broken clouds
309,Goedereede,NL,51.8175,3.9806,62.98,67,0,5.01,clear sky
310,Coffs Harbour,AU,-30.3,153.1333,57.16,77,16,9.22,few clouds
311,Provideniya,RU,64.3833,-173.3,31.1,96,99,6.51,light snow
312,Hartford,US,41.7668,-72.7662,60.04,39,100,11.99,overcast clouds
313,Ahipara,NZ,-35.1667,173.1667,60.71,91,90,6.76,overcast clouds
314,Charters Towers,AU,-20.1,146.2667,66.96,96,100,12.97,overcast clouds
315,Skjervoy,NO,70.0311,20.9714,35.6,65,100,28.39,overcast clouds
316,Kwinana,AU,-32.25,115.7667,58.8,90,0,7.96,clear sky
317,La Ronge,CA,55.1001,-105.2842,50.25,37,75,19.57,broken clouds
318,Palmer,US,42.1584,-72.3287,60.62,33,100,7.0,overcast clouds
319,Tonj,SS,7.2737,28.6822,77.61,68,99,6.82,overcast clouds
320,Hovd,MN,48.0056,91.6419,38.32,51,34,11.25,scattered clouds
321,Axim,GH,4.8699,-2.2405,81.91,78,100,10.8,overcast clouds
322,Vardo,NO,70.3705,31.1107,31.98,69,0,16.11,clear sky
323,Tilichiki,RU,60.4667,166.1,25.57,90,97,3.2,overcast clouds
324,Coruripe,BR,-10.1256,-36.1756,82.35,66,36,11.61,scattered clouds
325,Barcelona,ES,41.3888,2.159,74.19,58,20,8.05,few clouds
326,Xiongzhou,CN,25.1167,114.3,69.4,97,92,1.86,overcast clouds
327,Qasigiannguit,GL,68.8193,-51.1922,24.94,76,6,3.4,clear sky
328,Manama,BH,26.2154,50.5832,80.78,46,0,14.97,clear sky
329,Moscow,RU,55.7522,37.6156,55.58,87,100,8.9,light rain
330,Yamada,JP,39.4667,141.95,46.98,80,100,4.43,overcast clouds
331,Kachug,RU,53.9606,105.8817,33.28,59,98,9.62,overcast clouds
332,Kyzyl,RU,51.7,94.45,35.51,47,33,12.46,scattered clouds
333,Muros,ES,42.7762,-9.0603,83.68,52,15,3.85,few clouds
334,Haridwar,IN,29.9667,78.1667,81.61,24,3,5.35,clear sky
335,Nieuw Amsterdam,SR,5.8833,-55.0833,90.14,58,40,9.22,scattered clouds
336,Celestun,MX,20.8667,-90.4,91.6,55,0,7.34,clear sky
337,Seoul,KR,37.5683,126.9778,53.2,82,0,9.22,clear sky
338,Atar,MR,20.5169,-13.0499,104.97,10,58,5.01,broken clouds
339,Bogorodskoye,RU,56.55,37.8833,45.86,93,100,7.25,overcast clouds
340,Wanning,CN,18.8003,110.3967,75.72,88,93,2.33,light rain
341,Mount Gambier,AU,-37.8333,140.7667,39.11,100,100,5.75,fog
342,Cordoba,AR,-31.4135,-64.1811,76.05,47,75,14.97,broken clouds
343,Portland,US,45.5234,-122.6762,48.24,86,94,3.0,light rain
344,Alim,PH,9.5649,122.4876,81.3,77,59,10.11,broken clouds
345,Bendigo,AU,-36.7667,144.2833,45.64,58,45,4.34,scattered clouds
346,Lerwick,GB,60.1545,-1.1494,50.0,87,100,21.03,overcast clouds
347,Dawlatabad,AF,36.4141,64.9053,81.82,36,93,13.22,overcast clouds
348,Taltal,CL,-25.4,-70.4833,64.45,63,9,4.25,clear sky
349,Ola,RU,59.5833,151.2833,30.04,88,71,7.56,broken clouds
350,Camacha,PT,33.0833,-16.3333,62.02,63,20,14.97,few clouds
351,Sitka,US,57.0531,-135.33,48.22,70,77,4.54,broken clouds
352,Menongue,AO,-14.6585,17.691,69.33,55,72,3.4,broken clouds
353,Padang,ID,-0.9492,100.3543,77.05,85,99,4.18,overcast clouds
354,Ginir,ET,7.1333,40.7,61.88,60,45,4.12,scattered clouds
355,Pisco,PE,-13.7,-76.2167,72.01,73,0,8.05,clear sky
356,Bilibino,RU,68.0546,166.4372,23.52,95,100,5.64,light snow
357,Ous,RU,60.9058,61.5186,47.48,71,26,6.71,scattered clouds
358,Antofagasta,CL,-23.65,-70.4,65.48,65,1,6.76,clear sky
359,Boissevain,CA,49.2306,-100.0559,61.3,44,16,3.09,few clouds
360,Yerbogachen,RU,61.2767,108.0108,30.63,97,100,6.31,light snow
361,Black Diamond,US,47.3087,-122.0032,49.78,73,95,3.0,overcast clouds
362,Vanimo,PG,-2.6741,141.3028,78.94,91,97,7.07,overcast clouds
363,Kirakira,SB,-10.4544,161.9205,80.04,85,99,10.33,overcast clouds
364,Masallatah,LY,32.6167,14.0,60.84,75,23,11.12,few clouds
365,Komsomolskiy,UZ,40.4272,71.7189,75.92,35,0,6.91,clear sky
366,Sawakin,SD,19.1059,37.3321,81.93,59,4,10.25,clear sky
367,Tucumcari,US,35.1717,-103.725,86.94,9,2,21.54,clear sky
368,Mandera,KE,3.9366,41.867,87.64,51,61,8.01,broken clouds
369,Mormugao,IN,15.4,73.8,85.26,70,75,13.8,broken clouds
370,Gazanjyk,TM,39.2446,55.5154,66.76,72,70,14.41,light rain
371,Paysandu,UY,-32.3214,-58.0756,72.88,55,56,5.68,broken clouds
372,Kattivakkam,IN,13.2167,80.3167,86.09,85,98,3.94,overcast clouds
373,Ketchikan,US,55.3422,-131.6461,49.08,64,58,6.04,broken clouds
374,Wilmington Island,US,32.0036,-80.9737,69.98,69,98,4.7,overcast clouds
375,Dunedin,NZ,-45.8742,170.5036,52.81,92,100,1.99,overcast clouds
376,Bonfim,BR,3.0833,-59.95,79.68,79,97,6.44,overcast clouds
377,Yeppoon,AU,-23.1333,150.7333,67.78,91,100,12.08,light rain
378,Mokhsogollokh,RU,61.4681,128.9203,35.55,93,98,6.22,light rain
379,Schijndel,NL,51.6225,5.4319,66.29,39,6,9.22,clear sky
380,Sorland,NO,67.667,12.6934,37.26,96,100,14.2,light rain
381,Kahului,US,20.8947,-156.47,76.84,84,65,11.01,broken clouds
382,Longyearbyen,SJ,78.2186,15.6401,17.44,57,40,20.71,scattered clouds
383,Broome,US,42.2506,-75.833,64.71,28,2,7.0,clear sky
384,Nantucket,US,41.2835,-70.0995,50.14,68,75,34.52,broken clouds
385,Minab,IR,27.1467,57.0801,89.92,43,0,4.61,haze
386,Opuwo,NA,-18.0607,13.84,70.36,31,0,3.47,clear sky
387,Ambulu,ID,-8.345,113.6058,76.66,93,91,3.29,overcast clouds
388,Tura,IN,25.5198,90.2201,75.88,66,38,3.38,scattered clouds
389,Gympie,AU,-26.1898,152.665,63.18,98,100,4.99,light rain
390,Port Lincoln,AU,-34.7333,135.8667,60.08,70,100,10.98,overcast clouds
391,Christchurch,NZ,-43.5333,172.6333,56.91,93,100,11.5,light rain
392,Sechura,PE,-5.5569,-80.8222,78.51,58,88,14.0,overcast clouds
393,Coihaique,CL,-45.5752,-72.0662,52.41,50,75,11.5,broken clouds
394,Sambava,MG,-14.2667,50.1667,76.77,87,66,7.25,broken clouds
395,Ucluelet,CA,48.9329,-125.5528,48.51,81,72,1.99,broken clouds
396,Rio Gallegos,AR,-51.6226,-69.2181,50.05,40,20,34.52,few clouds
397,Nouadhibou,MR,20.931,-17.0347,69.78,73,20,18.41,few clouds
398,Luanda,AO,-8.8368,13.2343,78.08,85,52,12.77,broken clouds
399,Qostanay,KZ,53.1667,63.5833,48.49,31,0,4.47,clear sky
400,Hobyo,SO,5.3505,48.5268,83.35,83,89,19.04,overcast clouds
401,Liuzhou,CN,24.3126,109.3892,71.96,92,100,2.21,overcast clouds
402,Buala,SB,-8.145,159.5921,79.84,86,98,8.28,light rain
403,Lao Cai,VN,22.4833,103.95,75.16,98,83,0.65,broken clouds
404,Margate,GB,51.3813,1.3862,56.3,73,0,4.0,clear sky
405,Nikolayevka,RU,53.1257,47.2041,48.43,49,0,1.92,clear sky
406,Santa Cruz De La Palma,ES,28.6835,-17.7642,69.94,73,75,14.97,broken clouds
407,Iacu,BR,-12.7672,-40.2117,85.73,45,55,9.95,broken clouds
408,Sao Jose Da Coroa Grande,BR,-8.8978,-35.1478,80.46,77,28,8.95,scattered clouds
409,Guerrero Negro,MX,27.9769,-114.0611,66.27,58,8,16.67,clear sky
410,Canico,PT,32.6333,-16.85,69.71,72,20,18.41,few clouds
411,Belaya Kholunitsa,RU,58.84,50.8528,50.05,61,47,9.06,scattered clouds
412,Buguruslan,RU,53.6554,52.442,50.72,49,100,1.95,overcast clouds
413,Arman,RU,59.7,150.1667,31.71,85,76,5.48,broken clouds
414,Akyab,MM,20.15,92.9,82.24,80,69,10.54,light rain
415,Masterton,NZ,-40.9597,175.6575,58.89,83,99,5.91,overcast clouds
416,Gold Coast,AU,-28.0,153.4333,68.04,83,100,11.5,moderate rain
417,Tazovskiy,RU,67.4667,78.7,30.54,97,100,14.47,light snow
418,Cortland,US,42.6001,-76.083,62.98,29,0,6.91,clear sky
419,Teo,ES,42.75,-8.5,81.03,33,20,9.22,few clouds
420,Cao Bang,VN,22.6667,106.25,72.75,98,98,4.07,overcast clouds
421,Khotyn,UA,48.4833,26.5,58.96,72,63,2.28,broken clouds
422,Quelimane,MZ,-17.8786,36.8883,75.15,83,75,4.61,broken clouds
423,Santiago,CL,-33.4569,-70.6483,61.18,79,100,4.61,mist
424,Manyana,BW,-23.4,21.7167,56.68,30,0,8.34,clear sky
425,Kendal,GB,54.3268,-2.7476,63.59,72,43,7.4,scattered clouds
426,Karaidel,RU,55.8337,56.9069,46.98,57,23,1.32,few clouds
427,Saint-Malo,FR,48.5,-1.8333,67.66,69,47,6.76,scattered clouds
428,Anshun,CN,26.25,105.9333,61.83,97,100,5.48,light rain
429,Wasilla,US,61.5814,-149.4394,49.06,65,99,3.0,overcast clouds
430,Vestmannaeyjar,IS,63.4427,-20.2734,47.39,100,100,27.63,fog
431,Krasnoselkup,RU,65.7,82.4667,28.08,83,50,8.5,scattered clouds
432,Poum,NC,-20.2333,164.0167,75.51,68,91,12.28,overcast clouds
433,Ha Noi,VN,21.0245,105.8412,77.0,95,100,6.85,overcast clouds
434,Hervey Bay,AU,-25.2986,152.8535,70.72,85,100,9.89,light rain
435,Trebinje,BA,42.7119,18.3442,64.76,48,0,3.44,clear sky
436,Florianopolis,BR,-27.6146,-48.5012,74.43,55,0,2.3,clear sky
437,Noyabrsk,RU,63.1994,75.4507,33.73,98,100,11.25,overcast clouds
438,Cabedelo,BR,-6.9811,-34.8339,86.67,73,96,14.38,overcast clouds
439,Shingu,JP,33.7333,135.9833,58.08,70,77,5.39,broken clouds
440,Soavinandriana,MG,-19.1667,46.7333,61.48,78,97,0.36,overcast clouds
441,Samarai,PG,-10.6167,150.6667,82.04,82,63,13.78,broken clouds
442,Birin,NP,26.8865,88.0718,61.39,79,45,6.31,scattered clouds
443,Tamasi,HU,46.6333,18.2833,63.68,68,99,3.33,overcast clouds
444,Igarka,RU,67.4667,86.5833,-0.13,99,9,3.53,clear sky
445,Ulkan,RU,57.243,107.3223,32.72,75,99,9.51,overcast clouds
446,Mogadishu,SO,2.0371,45.3438,82.56,84,72,19.3,broken clouds
447,Surgut,RU,61.25,73.4167,41.18,81,0,6.71,clear sky
448,Abu Dhabi,AE,24.4667,54.3667,87.91,68,0,9.22,clear sky
449,Bracebridge,CA,45.0334,-79.3163,68.32,30,0,6.46,clear sky
450,Rio Grande,BR,-32.035,-52.0986,74.95,70,0,10.18,clear sky
451,Nurobod,UZ,40.9056,69.8023,76.23,38,0,8.25,clear sky
452,Bac Lieu,VN,9.285,105.7244,82.22,81,100,15.32,overcast clouds
453,Sao Filipe,CV,14.8961,-24.4956,72.63,79,10,9.46,clear sky
454,Baykit,RU,61.67,96.37,22.82,91,90,6.24,overcast clouds
455,Malyn,UA,50.7723,29.2383,58.68,69,58,6.51,broken clouds
456,Sapele,NG,5.8941,5.6767,81.23,81,100,5.73,overcast clouds
457,Joppatowne,US,39.4579,-76.3552,50.43,76,100,13.35,overcast clouds
458,Biak,ID,-0.9131,122.8766,77.2,86,96,6.44,overcast clouds
459,Chifeng,CN,42.2683,118.9636,48.69,31,0,5.91,clear sky
460,Beipiao,CN,41.7919,120.7792,47.16,59,0,3.69,clear sky
461,Didao,CN,45.3667,130.8,41.04,54,85,4.03,overcast clouds
462,Alvorada,BR,-12.48,-49.1247,93.02,31,13,6.06,few clouds
463,Tshikapa,CD,-6.4167,20.8,76.51,75,98,2.17,overcast clouds
464,Lakes Entrance,AU,-37.8811,147.981,51.28,87,46,4.41,scattered clouds
465,Saint-Pierre,RE,-21.3393,55.4781,73.9,73,0,3.44,clear sky
466,Fairbanks,US,64.8378,-147.7164,42.22,73,100,1.99,overcast clouds
467,Bay Roberts,CA,47.5999,-53.2648,49.66,48,5,6.22,clear sky
468,Mbigou,GA,-1.9005,11.906,70.43,95,68,1.92,light rain
469,Bairiki,KI,1.3292,172.9752,80.64,79,9,18.57,clear sky
470,Moerai,PF,-22.4333,-151.3333,78.26,74,96,11.3,overcast clouds
471,Viedma,AR,-40.8135,-62.9967,74.68,34,10,21.0,clear sky
472,Hanyang,CN,32.1371,105.5126,61.56,79,100,8.19,light rain
473,Fort-Shevchenko,KZ,44.5086,50.263,59.76,91,52,19.33,broken clouds
474,Issaquah,US,47.5301,-122.0326,51.66,75,93,3.0,overcast clouds
475,Mattru,SL,7.6244,-11.8332,79.18,83,100,2.59,overcast clouds
476,Bima,ID,-8.4667,118.7167,76.82,95,79,3.69,broken clouds
477,Udachnyy,RU,66.4167,112.4,12.9,90,100,15.08,overcast clouds
478,Aksu,CN,41.1231,80.2644,76.62,23,0,6.24,clear sky
479,Isabela,PH,6.7085,121.9711,79.07,86,98,1.92,moderate rain
480,Cacequi,BR,-29.8836,-54.825,73.18,59,1,3.56,clear sky
481,Luau,AO,-10.7073,22.2247,71.69,60,35,0.67,scattered clouds
482,Lahij,YE,13.1667,44.5833,83.84,54,71,4.29,broken clouds
483,Ilhabela,BR,-23.7781,-45.3581,72.55,79,32,6.15,scattered clouds
484,Warrnambool,AU,-38.3833,142.4833,48.81,88,17,5.53,few clouds
485,Vila Franca Do Campo,PT,37.7167,-25.4333,68.41,82,90,1.25,overcast clouds
486,Stromness,GB,58.965,-3.296,51.87,84,94,10.0,overcast clouds
487,Mwense,ZM,-10.3845,28.698,72.73,59,87,5.19,overcast clouds
488,Makakilo City,US,21.3469,-158.0858,75.18,71,75,5.75,broken clouds
489,Maniitsoq,GL,65.4167,-52.9,33.19,76,5,15.23,clear sky
490,Lillers,FR,50.5635,2.4804,66.4,64,72,12.06,broken clouds
491,Port Macquarie,AU,-31.4333,152.9167,46.89,78,0,5.97,clear sky
492,Luwuk,ID,-0.9516,122.7875,77.99,89,94,4.94,overcast clouds
493,Kieta,PG,-6.2167,155.6333,78.49,88,69,3.44,light rain
494,Mazsalaca,LV,57.8633,25.0547,39.7,59,11,9.8,few clouds
495,Atambua,ID,-9.1061,124.8925,72.63,86,28,6.85,scattered clouds
496,Nyurba,RU,63.2842,118.3319,31.32,85,70,9.95,broken clouds
497,Kununurra,AU,-15.7667,128.7333,62.58,72,1,4.61,clear sky
498,Wewak,PG,-3.5534,143.6268,80.87,86,90,9.26,moderate rain
499,Kungurtug,RU,50.5994,97.5228,27.77,90,60,5.23,light snow
500,Pirapozinho,BR,-22.2753,-51.5,76.84,50,0,4.54,clear sky
501,Assiniboia,CA,49.6334,-105.9845,57.02,41,64,5.75,broken clouds
502,Newport,GB,51.5877,-2.9984,66.74,54,65,4.92,broken clouds
503,Ulladulla,AU,-35.35,150.4667,49.77,82,83,6.87,broken clouds
504,Guozhen,CN,34.3659,107.359,55.63,93,100,4.21,moderate rain
505,Kaya,BF,13.0917,-1.0844,104.18,14,39,2.33,scattered clouds
506,Manokwari,ID,-0.8667,134.0833,80.96,79,93,4.27,overcast clouds
507,Beloha,MG,-25.1667,45.05,71.78,82,73,1.97,broken clouds
508,Necochea,AR,-38.5473,-58.7368,74.3,49,12,18.72,few clouds
509,Okhotsk,RU,59.3833,143.3,32.27,88,7,3.4,clear sky
510,Kurmanayevka,RU,52.5093,52.0675,50.61,51,100,6.76,overcast clouds
511,Santa Cruz,BO,-17.8,-63.1667,85.84,36,26,13.51,scattered clouds
512,Puerto Del Rosario,ES,28.5004,-13.8627,71.35,73,0,14.97,clear sky
513,Puerto Leguizamo,CO,-0.1934,-74.7819,77.29,82,99,1.39,overcast clouds
514,Springfield,US,37.2153,-93.2982,73.65,63,20,20.71,few clouds
515,Kavieng,PG,-2.5744,150.7967,83.26,72,97,17.81,overcast clouds
516,Broken Hill,AU,-31.95,141.4333,49.89,70,0,8.32,clear sky
517,Gat,IL,31.61,34.7642,69.4,37,0,8.01,clear sky
518,Gizo,SB,-8.103,156.8419,82.09,78,93,5.84,overcast clouds
519,Solnechnyy,RU,50.7214,136.6319,37.89,74,62,8.93,broken clouds
520,Severo-Yeniseyskiy,RU,60.3725,93.0408,18.19,95,89,6.91,overcast clouds
521,Mahajanga,MG,-15.7167,46.3167,80.62,83,20,5.75,few clouds
522,Wangqing,CN,43.3218,129.7634,38.61,49,0,2.13,clear sky
523,Yulara,AU,-25.2406,130.9889,50.59,40,100,8.68,overcast clouds
524,Griffith,US,41.5284,-87.4237,66.0,51,0,11.5,clear sky
525,Cockburn Town,TC,21.4612,-71.1419,79.61,78,1,10.54,clear sky
526,Pringsewu,ID,-5.3582,104.9744,76.39,87,98,4.63,overcast clouds
527,San Luis,AR,-33.295,-66.3356,73.54,37,97,5.64,overcast clouds
528,Mayor Pablo Lagerenza,PY,-19.9309,-60.7718,92.75,24,17,9.69,few clouds
529,Cozumel,MX,20.5083,-86.9458,88.95,76,15,10.0,few clouds
530,Berezovyy,RU,51.6667,135.7,31.26,93,77,4.72,broken clouds
531,Kloulklubed,PW,7.0419,134.2556,81.36,84,100,17.27,moderate rain
532,Goderich,CA,43.7501,-81.7165,52.92,53,1,10.27,clear sky
533,Inhambane,MZ,-23.865,35.3833,72.57,83,9,7.94,clear sky
534,Ahuimanu,US,21.4447,-157.8378,76.35,77,71,5.99,broken clouds
535,Kiama,AU,-34.6833,150.8667,58.37,86,63,9.19,light rain
536,Sioux Falls,US,43.55,-96.7003,61.09,81,100,9.22,overcast clouds
537,Dandeli,IN,15.2667,74.6167,75.69,89,88,4.54,overcast clouds
538,Mount Isa,AU,-20.7333,139.5,65.97,63,20,8.05,few clouds
539,Lanzhou,CN,36.0564,103.7922,51.19,72,69,2.21,broken clouds
540,Korla,CN,41.7597,86.1469,68.79,42,0,13.91,clear sky
541,Havoysund,NO,70.9963,24.6622,32.23,66,100,17.94,overcast clouds
542,Frohnleiten,AT,47.2667,15.3167,62.26,87,100,1.77,overcast clouds
543,Turukhansk,RU,65.8167,87.9833,6.57,98,61,3.44,broken clouds
544,Choma,ZM,-16.8065,26.9531,64.44,65,33,4.36,scattered clouds
545,Rovaniemi,FI,66.5,25.7167,42.21,42,0,8.05,clear sky
546,Ismailia,EG,30.6043,32.2723,70.38,37,1,15.95,clear sky
547,Hasaki,JP,35.7333,140.8333,61.2,53,100,14.09,overcast clouds
548,Shache,CN,38.4167,77.2406,74.3,20,1,7.52,clear sky
549,Mareeba,AU,-17.0,145.4333,70.52,93,75,5.17,broken clouds
550,Comodoro Rivadavia,AR,-45.8667,-67.5,64.26,27,20,25.32,few clouds
551,Qandala,SO,11.472,49.8728,85.33,65,2,3.22,clear sky
552,Lodja,CD,-3.4833,23.4333,74.26,83,75,0.56,broken clouds
553,Aransas Pass,US,27.9095,-97.15,92.21,77,0,20.71,clear sky
554,Urdoma,RU,61.7533,48.5442,53.73,64,72,12.33,broken clouds
555,Harper,LR,4.375,-7.7169,76.6,91,100,3.89,moderate rain
556,Bardiyah,LY,31.7561,25.0865,66.56,78,0,23.91,clear sky
557,Sao Lourenco Do Sul,BR,-31.3653,-51.9783,69.04,64,0,7.81,clear sky
558,Erzin,TR,36.9559,36.2,60.15,72,32,3.62,scattered clouds
559,Fort Nelson,CA,58.8053,-122.7002,34.21,95,100,13.58,snow
560,Naliya,IN,23.2667,68.8333,81.36,77,0,10.63,clear sky
561,Krasnyy Chikoy,RU,50.3643,108.7512,39.63,97,97,5.44,moderate rain
562,Mikhaylovka,RU,50.06,43.2379,50.63,52,7,5.73,clear sky
563,Hami,CN,42.8,93.45,68.34,34,22,4.92,few clouds
564,Iberia,US,29.9502,-91.7507,91.06,58,0,6.91,clear sky
565,Pidvynohradiv,UA,48.1395,22.9719,66.11,69,70,1.01,broken clouds
566,Oktyabrskoye,RU,43.0645,44.7417,44.74,100,100,8.95,light intensity drizzle
567,Derzhavinsk,KZ,51.1,66.3167,51.82,32,16,13.13,few clouds
568,Zhengjiatun,CN,43.5064,123.5064,50.92,28,0,7.54,clear sky
569,Dillon,US,34.4166,-79.3712,60.78,59,94,15.46,overcast clouds
570,Eyrarbakki,IS,63.863,-21.1481,54.21,79,99,18.9,light rain
571,Nuevo Laredo,MX,27.4763,-99.5164,100.53,30,3,15.88,clear sky
572,Benin,BJ,9.5,2.25,79.3,75,42,7.56,light rain
573,Paamiut,GL,61.994,-49.6678,33.37,86,100,16.82,overcast clouds
574,Araouane,ML,18.9048,-3.5265,96.62,6,0,11.01,clear sky
575,Port Moresby,PG,-9.4431,147.1797,77.47,86,99,4.34,overcast clouds
576,Namibe,AO,-15.1961,12.1522,73.42,67,0,10.69,clear sky
577,Carutapera,BR,-1.195,-46.02,77.58,94,95,8.03,overcast clouds
578,Alta Floresta,BR,-9.8756,-56.0861,91.22,55,40,4.61,scattered clouds
579,Nizwa,OM,22.9333,57.5333,89.38,21,22,0.98,few clouds
580,Tete,MZ,-16.1564,33.5867,78.89,53,0,6.91,clear sky
581,Oranjestad,AW,12.524,-70.027,79.84,88,100,21.32,overcast clouds
582,Valparaiso,CL,-33.0393,-71.6273,61.03,78,100,6.91,overcast clouds
583,Ariquemes,BR,-9.9133,-63.0408,85.28,68,24,3.56,few clouds
584,Mwaya,TZ,-9.55,33.95,72.09,82,69,2.3,broken clouds
585,Callaway,US,30.153,-85.5699,82.94,55,5,5.01,clear sky
586,Winnemucca,US,40.973,-117.7357,44.65,65,75,9.22,broken clouds
587,Belen,TR,36.4891,36.2233,57.34,72,20,14.97,few clouds
588,Mayo,US,38.8876,-76.5119,53.71,58,100,12.66,overcast clouds
589,Georgiyevka,KZ,43.0369,74.7114,68.04,42,0,11.18,clear sky
590,Kutum,SD,14.2,24.6667,84.36,7,1,6.24,clear sky
591,Banda Aceh,ID,5.5577,95.3222,81.12,79,100,7.58,overcast clouds
592,Monte Alegre,BR,-2.0078,-54.0692,75.6,93,99,1.54,overcast clouds
593,Karratha,AU,-20.7377,116.8463,76.98,53,78,7.09,broken clouds
594,Miranda,CO,3.2499,-76.2281,82.53,65,74,2.71,light rain
595,Kushima,JP,31.4583,131.2333,66.51,85,98,1.72,overcast clouds
596,Liverpool,GB,53.4106,-2.9779,65.37,67,20,10.36,few clouds
597,Martapura,ID,-3.4167,114.85,75.29,100,75,3.44,broken clouds
598,Wagar,SD,16.1525,36.2032,96.15,16,12,16.24,few clouds
599,Beya,RU,53.0533,90.9139,35.08,39,92,4.65,overcast clouds
600,Dabakala,CI,8.3667,-4.4333,88.25,55,92,8.81,overcast clouds
601,Diffa,NE,13.3154,12.6113,98.42,13,88,11.54,overcast clouds
602,Poopo,BO,-18.3667,-66.9667,59.77,24,7,25.01,clear sky
603,Shaoyang,CN,27.2315,111.4525,68.29,92,81,3.76,broken clouds
604,Baglan,AF,36.1307,68.7083,81.07,22,0,3.29,clear sky
605,Gornyy,RU,55.1153,83.9059,35.26,80,28,4.63,scattered clouds
606,Lata,PT,40.1629,-8.3327,73.58,43,54,6.49,broken clouds
607,Uvira,CD,-3.4067,29.1458,74.01,84,48,3.96,light rain
608,Oyama,JP,36.3,139.8,58.37,58,100,5.26,light rain
609,Gdansk,PL,54.3521,18.6464,49.91,80,20,10.36,few clouds
610,Beringovskiy,RU,63.05,179.3167,29.59,88,81,10.27,broken clouds
611,San Quintin,MX,30.4833,-115.95,63.37,64,56,18.3,broken clouds
612,Itoman,JP,26.1247,127.6694,77.02,96,100,10.36,overcast clouds
613,Camabatela,AO,-8.1881,15.375,67.37,79,55,4.27,broken clouds
614,San Vicente De Canete,PE,-13.0751,-76.3835,71.49,74,63,8.14,broken clouds
615,Lincoln,US,40.8,-96.667,63.86,87,100,5.99,overcast clouds
616,Yala,TH,6.3333,101.25,76.5,97,88,1.99,heavy intensity rain
617,Rocha,UY,-34.4833,-54.3333,70.68,51,6,10.22,clear sky
618,Greytown,ZA,-29.0642,30.5928,52.81,98,100,2.26,light rain
619,Plettenberg Bay,ZA,-34.0527,23.3716,57.29,71,85,5.1,overcast clouds
620,Klamath Falls,US,42.2249,-121.7817,33.87,86,73,1.99,broken clouds
621,Belaya Gora,RU,68.5333,146.4167,13.1,95,72,5.19,broken clouds
622,Namie,JP,37.4833,141.0,52.72,56,100,3.74,overcast clouds
623,Halle,DE,51.5,12.0,62.8,48,0,8.05,clear sky
624,Port Keats,AU,-14.25,129.55,73.11,39,10,10.56,clear sky
625,Rincon,US,32.296,-81.2354,70.86,63,75,3.44,broken clouds
626,Kendari,ID,-3.945,122.4989,75.79,94,100,3.71,overcast clouds
627,Presidente Epitacio,BR,-21.7633,-52.1156,84.78,31,0,2.98,clear sky
628,Severnyy-Kospashskiy,RU,59.0925,57.8008,41.61,34,19,5.35,few clouds
629,Tamandare,BR,-8.7597,-35.1047,79.7,79,39,10.47,scattered clouds
630,Casablanca,MA,33.5928,-7.6192,80.82,68,8,8.99,clear sky
631,Gurjaani,GE,41.7429,45.8011,49.78,89,98,2.35,overcast clouds
632,Lander,US,42.833,-108.7307,54.1,46,100,8.05,overcast clouds
633,Batsfjord,NO,70.6345,29.7185,29.98,74,20,9.22,few clouds
634,Warri,NG,5.5167,5.75,79.72,87,100,6.2,overcast clouds
635,Chapais,CA,49.7834,-74.8492,55.33,42,23,5.14,few clouds
636,Weatherford,US,32.7593,-97.7972,94.66,53,4,5.01,clear sky
637,Limoges,FR,45.75,1.3333,70.36,40,0,10.36,clear sky
638,Valdemarpils,LV,57.3707,22.5919,40.44,57,3,9.19,clear sky
639,Stolin,BY,51.8912,26.846,54.41,91,94,6.31,light rain
640,Kosh-Agach,RU,50.0,88.6667,30.4,66,34,4.07,scattered clouds
641,Nakamura,JP,32.9833,132.9333,63.63,92,100,2.66,overcast clouds
642,Olafsvik,IS,64.8945,-23.7142,45.72,90,100,15.17,light rain
643,Albacete,ES,38.8333,-2.0,74.21,23,20,6.91,few clouds
644,Awbari,LY,26.5921,12.7805,78.44,14,0,9.51,clear sky
645,Huarmey,PE,-10.0681,-78.1522,71.44,75,38,12.84,scattered clouds
646,Vavuniya,LK,8.7514,80.4971,80.31,89,100,7.56,overcast clouds
647,Marawi,PH,7.9986,124.2928,70.61,96,100,0.43,light rain
648,Hambantota,LK,6.1241,81.1185,82.44,83,100,18.7,overcast clouds
649,Kaitong,CN,44.8135,123.15,53.85,20,0,8.46,clear sky
650,Ligayan,PH,4.6533,119.4706,83.53,75,100,6.4,overcast clouds
651,Wittingen,DE,52.7269,10.7361,64.4,55,4,6.89,clear sky
652,Auki,SB,-8.7676,160.7034,78.01,89,76,4.5,broken clouds
653,Sao Bento Do Sul,BR,-26.2503,-49.3786,62.24,87,3,4.94,clear sky
654,Ghanzi,BW,-21.5667,21.7833,64.09,27,0,8.77,clear sky
655,Barguzin,RU,53.6167,109.6167,39.13,88,100,7.38,overcast clouds
656,Estelle,US,29.8458,-90.1067,88.0,60,75,8.05,broken clouds
657,Tateyama,JP,34.9833,139.8667,61.11,75,97,11.14,overcast clouds
658,Iwanai,JP,42.9744,140.5089,43.7,80,10,8.39,clear sky
659,Kindersley,CA,51.4668,-109.1682,46.09,54,93,2.93,overcast clouds
660,Basavakalyan,IN,17.8667,76.95,90.59,26,93,4.63,overcast clouds
661,Muroto,JP,33.2833,134.15,64.94,69,100,1.34,overcast clouds
662,Khuzdar,PK,27.7384,66.6434,84.87,24,64,9.91,broken clouds
663,Millau,FR,44.0833,2.9167,69.93,76,92,2.51,overcast clouds
664,Lazaro Cardenas,MX,17.9583,-102.2,84.07,54,23,10.18,few clouds
665,Marolambo,MG,-20.05,48.1167,67.66,99,51,0.74,moderate rain
666,Robertsganj,IN,24.7,83.0667,87.08,25,0,8.66,clear sky
667,Zarnesti,RO,45.3,26.8667,55.94,42,47,3.85,scattered clouds
668,Tupik,RU,54.4253,119.9327,56.52,31,92,10.74,overcast clouds
669,Kerman,IR,30.2832,57.0788,74.66,21,60,13.62,broken clouds
670,Vila Velha,BR,-20.3297,-40.2925,80.55,61,75,18.41,broken clouds
671,Tocoa,HN,15.6833,-86.0,101.97,33,88,4.41,overcast clouds
672,Porbandar,IN,21.6422,69.6093,82.56,75,0,14.27,clear sky
673,Santa Rosa,PH,14.3122,121.1114,84.18,74,26,8.3,scattered clouds
674,Rong Kwang,TH,18.339,100.3174,76.12,90,76,1.63,light rain
675,Nizhniy Kuranakh,RU,58.8353,125.4869,35.04,99,100,4.79,snow
676,Khani,GE,41.9563,42.9566,44.17,99,100,1.41,overcast clouds
677,Saint-Francois,FR,46.4154,3.9054,72.84,35,0,10.36,clear sky
678,Payo,ID,-3.7508,103.6372,74.91,84,98,2.04,overcast clouds
679,Ponta Delgada,PT,37.7333,-25.6667,68.72,68,40,11.5,scattered clouds
680,Sandominic,RO,46.584,25.7803,48.97,94,100,3.36,overcast clouds
681,Sulangan,PH,11.1373,123.7228,82.58,75,66,15.97,broken clouds
